type,line of code,function
api,https://github.com/AmenRa/ranx/blob/f60b1ac230ab97bd3c6ad2c210f79882293b306d/ranx/data_structures/qrels.py#L342,AmenRa__ranx/from_ir_datasets
api,https://github.com/AmenRa/ranx/blob/f60b1ac230ab97bd3c6ad2c210f79882293b306d/ranx/data_structures/run.py#L191,AmenRa__ranx/save
api,https://github.com/AmenRa/ranx/blob/f60b1ac230ab97bd3c6ad2c210f79882293b306d/ranx/metrics/get_non_rel_lists.py#L50,AmenRa__ranx/get_non_rel_lists
api,https://github.com/AmenRa/ranx/blob/f60b1ac230ab97bd3c6ad2c210f79882293b306d/ranx/metrics/get_unjudged_lists.py#L46,AmenRa__ranx/get_unjudged_lists
api,https://github.com/Cloud-CV/EvalAI/blob/8d1444f233a84f57b4a6b3db2bc7503da4cc7194/apps/web/views.py#L32,Cloud-CV__EvalAI/page_not_found
cli,https://github.com/Cloud-CV/EvalAI/blob/8d1444f233a84f57b4a6b3db2bc7503da4cc7194/scripts/monitoring/auto_scale_ec2_workers.py#L142,
api,https://github.com/Cloud-CV/evalai-cli/blob/6426f26a9add307841665215e795d4dca86ee362/evalai/utils/common.py#L31,Cloud-CV__evalai-cli/convert
api,https://github.com/EleutherAI/lm-evaluation-harness/blob/9f152e0b89e777a17a21e9207da2ae4c1ea8beec/lm_eval/decontamination/archiver.py#L134,EleutherAI__lm-evaluation-harness/read_and_tell
api,https://github.com/EleutherAI/lm-evaluation-harness/blob/9f152e0b89e777a17a21e9207da2ae4c1ea8beec/lm_eval/decontamination/janitor.py#L139,EleutherAI__lm-evaluation-harness/save_contamination_ngrams
api,https://github.com/EleutherAI/lm-evaluation-harness/blob/9f152e0b89e777a17a21e9207da2ae4c1ea8beec/lm_eval/tasks/acpbench/gen_2shot_with_pddl/acp_utils.py#L56,EleutherAI__lm-evaluation-harness/action_list
cli,https://github.com/EleutherAI/lm-evaluation-harness/blob/9f152e0b89e777a17a21e9207da2ae4c1ea8beec/lm_eval/tasks/afrimgsm/gen_utils.py#L121,
cli,https://github.com/EleutherAI/lm-evaluation-harness/blob/9f152e0b89e777a17a21e9207da2ae4c1ea8beec/lm_eval/tasks/afrimmlu/gen_utils.py#L102,
api,https://github.com/EleutherAI/lm-evaluation-harness/blob/9f152e0b89e777a17a21e9207da2ae4c1ea8beec/lm_eval/tasks/afrobench/mafand/prompt_1/african-english/utils.py#L110,EleutherAI__lm-evaluation-harness/create_reverse_prompt_3
api,https://github.com/EleutherAI/lm-evaluation-harness/blob/9f152e0b89e777a17a21e9207da2ae4c1ea8beec/lm_eval/tasks/afrobench/mafand/prompt_2/african-english/utils.py#L97,EleutherAI__lm-evaluation-harness/create_text_prompt_3
api,https://github.com/EleutherAI/lm-evaluation-harness/blob/9f152e0b89e777a17a21e9207da2ae4c1ea8beec/lm_eval/tasks/afrobench/masakhaner/prompt_4/utils.py#L42,EleutherAI__lm-evaluation-harness/span_f1_agg
api,https://github.com/EleutherAI/lm-evaluation-harness/blob/9f152e0b89e777a17a21e9207da2ae4c1ea8beec/lm_eval/tasks/afrobench/masakhapos/prompt_5/utils.py#L32,EleutherAI__lm-evaluation-harness/acc_score
api,https://github.com/EleutherAI/lm-evaluation-harness/blob/9f152e0b89e777a17a21e9207da2ae4c1ea8beec/lm_eval/tasks/afrobench/xlsum/prompt_1/utils.py#L4,EleutherAI__lm-evaluation-harness/rougeL
api,https://github.com/EleutherAI/lm-evaluation-harness/blob/9f152e0b89e777a17a21e9207da2ae4c1ea8beec/lm_eval/tasks/agieval/utils.py#L262,EleutherAI__lm-evaluation-harness/process_results_mcqa
api,https://github.com/EleutherAI/lm-evaluation-harness/blob/9f152e0b89e777a17a21e9207da2ae4c1ea8beec/lm_eval/tasks/aradice/boolq/ENG/metrics.py#L4,EleutherAI__lm-evaluation-harness/macro_f1_score
api,https://github.com/EleutherAI/lm-evaluation-harness/blob/9f152e0b89e777a17a21e9207da2ae4c1ea8beec/lm_eval/tasks/aradice/winogrande/metrics.py#L4,EleutherAI__lm-evaluation-harness/macro_f1_score
api,https://github.com/EleutherAI/lm-evaluation-harness/blob/9f152e0b89e777a17a21e9207da2ae4c1ea8beec/lm_eval/tasks/basque_bench/utils.py#L6,EleutherAI__lm-evaluation-harness/xcopa_doc_to_text
api,https://github.com/EleutherAI/lm-evaluation-harness/blob/9f152e0b89e777a17a21e9207da2ae4c1ea8beec/lm_eval/tasks/basqueglue/utils.py#L22,EleutherAI__lm-evaluation-harness/process_wic_docs
cli,https://github.com/EleutherAI/lm-evaluation-harness/blob/9f152e0b89e777a17a21e9207da2ae4c1ea8beec/lm_eval/tasks/bigbench/generate_tasks.py#L229,
api,https://github.com/EleutherAI/lm-evaluation-harness/blob/9f152e0b89e777a17a21e9207da2ae4c1ea8beec/lm_eval/tasks/code_x_glue/code-text/bleu.py#L222,EleutherAI__lm-evaluation-harness/smoothed_bleu_4
api,https://github.com/EleutherAI/lm-evaluation-harness/blob/9f152e0b89e777a17a21e9207da2ae4c1ea8beec/lm_eval/tasks/darija_bench/darija_summarization/utils.py#L31,EleutherAI__lm-evaluation-harness/darijabert
cli,https://github.com/EleutherAI/lm-evaluation-harness/blob/9f152e0b89e777a17a21e9207da2ae4c1ea8beec/lm_eval/tasks/eus_exams/configs.py#L66,
api,https://github.com/EleutherAI/lm-evaluation-harness/blob/9f152e0b89e777a17a21e9207da2ae4c1ea8beec/lm_eval/tasks/evalita_llm/sum_utils.py#L7,EleutherAI__lm-evaluation-harness/rouge1_score
api,https://github.com/EleutherAI/lm-evaluation-harness/blob/9f152e0b89e777a17a21e9207da2ae4c1ea8beec/lm_eval/tasks/glianorex/preprocess_glianorex.py#L19,EleutherAI__lm-evaluation-harness/filter_french
api,https://github.com/EleutherAI/lm-evaluation-harness/blob/9f152e0b89e777a17a21e9207da2ae4c1ea8beec/lm_eval/tasks/hrm8k/en/utils.py#L14,EleutherAI__lm-evaluation-harness/doc_to_text_mmmlu
api,https://github.com/EleutherAI/lm-evaluation-harness/blob/9f152e0b89e777a17a21e9207da2ae4c1ea8beec/lm_eval/tasks/jsonschema_bench/metrics.py#L41,EleutherAI__lm-evaluation-harness/ipv4_check
api,https://github.com/EleutherAI/lm-evaluation-harness/blob/9f152e0b89e777a17a21e9207da2ae4c1ea8beec/lm_eval/tasks/lingoly/utils.py#L77,EleutherAI__lm-evaluation-harness/load_all_questions
api,https://github.com/EleutherAI/lm-evaluation-harness/blob/9f152e0b89e777a17a21e9207da2ae4c1ea8beec/lm_eval/tasks/meddialog/utils_perplexity.py#L6,EleutherAI__lm-evaluation-harness/process_results_qsumm
cli,https://github.com/EleutherAI/lm-evaluation-harness/blob/9f152e0b89e777a17a21e9207da2ae4c1ea8beec/lm_eval/tasks/mlqa/generate_tasks.py#L47,
api,https://github.com/EleutherAI/lm-evaluation-harness/blob/9f152e0b89e777a17a21e9207da2ae4c1ea8beec/lm_eval/tasks/realtoxicityprompts/metric.py#L12,EleutherAI__lm-evaluation-harness/toxicity_perspective_api
api,https://github.com/EleutherAI/lm-evaluation-harness/blob/9f152e0b89e777a17a21e9207da2ae4c1ea8beec/lm_eval/tasks/spanish_bench/utils.py#L14,EleutherAI__lm-evaluation-harness/process_doc_nli
api,https://github.com/EleutherAI/lm-evaluation-harness/blob/9f152e0b89e777a17a21e9207da2ae4c1ea8beec/lm_eval/tasks/super_glue/multirc/t5_utils.py#L43,EleutherAI__lm-evaluation-harness/agg_em
api,https://github.com/EleutherAI/lm-evaluation-harness/blob/9f152e0b89e777a17a21e9207da2ae4c1ea8beec/lm_eval/tasks/tinyBenchmarks/utils_truthfulqa.py#L12,EleutherAI__lm-evaluation-harness/process_results_mc2
api,https://github.com/EvolvingLMMs-Lab/lmms-eval/blob/c4a31289c56a673aba99d2015a1db1decf5308e7/lmms_eval/api/metrics.py#L18,EvolvingLMMs-Lab__lmms-eval/bypass_agg
api,https://github.com/EvolvingLMMs-Lab/lmms-eval/blob/c4a31289c56a673aba99d2015a1db1decf5308e7/lmms_eval/api/registry.py#L47,EvolvingLMMs-Lab__lmms-eval/register_task
api,https://github.com/EvolvingLMMs-Lab/lmms-eval/blob/c4a31289c56a673aba99d2015a1db1decf5308e7/lmms_eval/api/task.py#L538,EvolvingLMMs-Lab__lmms-eval/count_bytes
api,https://github.com/EvolvingLMMs-Lab/lmms-eval/blob/c4a31289c56a673aba99d2015a1db1decf5308e7/lmms_eval/loggers/utils.py#L97,EvolvingLMMs-Lab__lmms-eval/add_env_info
api,https://github.com/EvolvingLMMs-Lab/lmms-eval/blob/c4a31289c56a673aba99d2015a1db1decf5308e7/lmms_eval/models/claude.py#L271,EvolvingLMMs-Lab__lmms-eval/generate_until_multi_round
api,https://github.com/EvolvingLMMs-Lab/lmms-eval/blob/c4a31289c56a673aba99d2015a1db1decf5308e7/lmms_eval/models/idefics2.py#L248,EvolvingLMMs-Lab__lmms-eval/generate_until_multi_round
api,https://github.com/EvolvingLMMs-Lab/lmms-eval/blob/c4a31289c56a673aba99d2015a1db1decf5308e7/lmms_eval/models/internvideo2.py#L365,EvolvingLMMs-Lab__lmms-eval/generate_until_multi_round
api,https://github.com/EvolvingLMMs-Lab/lmms-eval/blob/c4a31289c56a673aba99d2015a1db1decf5308e7/lmms_eval/models/llava.py#L432,EvolvingLMMs-Lab__lmms-eval/generate_until_multi_round
api,https://github.com/EvolvingLMMs-Lab/lmms-eval/blob/c4a31289c56a673aba99d2015a1db1decf5308e7/lmms_eval/models/model_utils/qwen/qwen_generate_utils.py#L27,EvolvingLMMs-Lab__lmms-eval/pad_batch
api,https://github.com/EvolvingLMMs-Lab/lmms-eval/blob/c4a31289c56a673aba99d2015a1db1decf5308e7/lmms_eval/models/qwen2_5_vl.py#L345,EvolvingLMMs-Lab__lmms-eval/generate_until_multi_round
api,https://github.com/EvolvingLMMs-Lab/lmms-eval/blob/c4a31289c56a673aba99d2015a1db1decf5308e7/lmms_eval/models/qwen2_5_vl_interleave.py#L407,EvolvingLMMs-Lab__lmms-eval/generate_until_multi_round
api,https://github.com/EvolvingLMMs-Lab/lmms-eval/blob/c4a31289c56a673aba99d2015a1db1decf5308e7/lmms_eval/models/qwen2_vl.py#L420,EvolvingLMMs-Lab__lmms-eval/generate_until_multi_round
api,https://github.com/EvolvingLMMs-Lab/lmms-eval/blob/c4a31289c56a673aba99d2015a1db1decf5308e7/lmms_eval/models/whisper.py#L228,EvolvingLMMs-Lab__lmms-eval/generate_until_multi_round
api,https://github.com/EvolvingLMMs-Lab/lmms-eval/blob/c4a31289c56a673aba99d2015a1db1decf5308e7/lmms_eval/tasks/chartqa/utils.py#L1,EvolvingLMMs-Lab__lmms-eval/chartqa_doc_to_visual
api,https://github.com/EvolvingLMMs-Lab/lmms-eval/blob/c4a31289c56a673aba99d2015a1db1decf5308e7/lmms_eval/tasks/egothink/utils.py#L64,EvolvingLMMs-Lab__lmms-eval/egothink_doc_to_visual
api,https://github.com/EvolvingLMMs-Lab/lmms-eval/blob/c4a31289c56a673aba99d2015a1db1decf5308e7/lmms_eval/tasks/ifeval/instructions_registry.py#L155,EvolvingLMMs-Lab__lmms-eval/conflict_make
api,https://github.com/EvolvingLMMs-Lab/lmms-eval/blob/c4a31289c56a673aba99d2015a1db1decf5308e7/lmms_eval/tasks/ifeval/utils.py#L136,EvolvingLMMs-Lab__lmms-eval/agg_inst_level_acc
api,https://github.com/EvolvingLMMs-Lab/lmms-eval/blob/c4a31289c56a673aba99d2015a1db1decf5308e7/lmms_eval/tasks/internal_eval/d170_cn_utils.py#L118,EvolvingLMMs-Lab__lmms-eval/d170_cn_aggregate_info
api,https://github.com/EvolvingLMMs-Lab/lmms-eval/blob/c4a31289c56a673aba99d2015a1db1decf5308e7/lmms_eval/tasks/megabench/utils.py#L47,EvolvingLMMs-Lab__lmms-eval/megabench_doc_to_text
api,https://github.com/EvolvingLMMs-Lab/lmms-eval/blob/c4a31289c56a673aba99d2015a1db1decf5308e7/lmms_eval/tasks/mix_evals/video2text/utils.py#L167,EvolvingLMMs-Lab__lmms-eval/mix_evals_video2text_doc_to_visual
api,https://github.com/EvolvingLMMs-Lab/lmms-eval/blob/c4a31289c56a673aba99d2015a1db1decf5308e7/lmms_eval/tasks/mlvu/utils.py#L44,EvolvingLMMs-Lab__lmms-eval/mlvu_doc_to_visual_dev
api,https://github.com/EvolvingLMMs-Lab/lmms-eval/blob/c4a31289c56a673aba99d2015a1db1decf5308e7/lmms_eval/tasks/mmbench/ko_utils.py#L39,EvolvingLMMs-Lab__lmms-eval/mmbench_doc_to_visual
api,https://github.com/EvolvingLMMs-Lab/lmms-eval/blob/c4a31289c56a673aba99d2015a1db1decf5308e7/lmms_eval/tasks/mmbench/ru_utils.py#L102,EvolvingLMMs-Lab__lmms-eval/mmbench_aggregate_dev_results_eval
api,https://github.com/EvolvingLMMs-Lab/lmms-eval/blob/c4a31289c56a673aba99d2015a1db1decf5308e7/lmms_eval/tasks/mmsearch/lmms_eval_utils.py#L394,EvolvingLMMs-Lab__lmms-eval/mmsearch_aggregate_results_rek_score
api,https://github.com/EvolvingLMMs-Lab/lmms-eval/blob/c4a31289c56a673aba99d2015a1db1decf5308e7/lmms_eval/tasks/mmsearch/utils/image_utils.py#L145,EvolvingLMMs-Lab__lmms-eval/crop_image_search_results
api,https://github.com/EvolvingLMMs-Lab/lmms-eval/blob/c4a31289c56a673aba99d2015a1db1decf5308e7/lmms_eval/tasks/openhermes/utils.py#L18,EvolvingLMMs-Lab__lmms-eval/doc_to_audio
api,https://github.com/EvolvingLMMs-Lab/lmms-eval/blob/c4a31289c56a673aba99d2015a1db1decf5308e7/lmms_eval/tasks/people_speech/utils.py#L29,EvolvingLMMs-Lab__lmms-eval/people_speech_doc_to_audio
api,https://github.com/EvolvingLMMs-Lab/lmms-eval/blob/c4a31289c56a673aba99d2015a1db1decf5308e7/lmms_eval/tasks/plm_videobench/rdcap/rdcap_utils.py#L31,EvolvingLMMs-Lab__lmms-eval/plm_rdcap_doc_to_visual
api,https://github.com/EvolvingLMMs-Lab/lmms-eval/blob/c4a31289c56a673aba99d2015a1db1decf5308e7/lmms_eval/tasks/seedbench/utils.py#L17,EvolvingLMMs-Lab__lmms-eval/seed_process_result
api,https://github.com/EvolvingLMMs-Lab/lmms-eval/blob/c4a31289c56a673aba99d2015a1db1decf5308e7/lmms_eval/tasks/vizwiz_vqa/utils.py#L15,EvolvingLMMs-Lab__lmms-eval/vizwiz_vqa_doc_to_visual
api,https://github.com/EvolvingLMMs-Lab/lmms-eval/blob/c4a31289c56a673aba99d2015a1db1decf5308e7/lmms_eval/tasks/youcook2/utils.py#L24,EvolvingLMMs-Lab__lmms-eval/random_string
cli,https://github.com/EvolvingLMMs-Lab/lmms-eval/blob/c4a31289c56a673aba99d2015a1db1decf5308e7/tools/lite/shrink.py#L31,
cli,https://github.com/EvolvingLMMs-Lab/lmms-eval/blob/c4a31289c56a673aba99d2015a1db1decf5308e7/tools/live_bench/create_dataset.py#L4,
api,https://github.com/Farama-Foundation/Metaworld/blob/cdafedfaaa896472fb7e76e2fe103e120b67a9b6/metaworld/policies/sawyer_assembly_v3_policy.py#L24,Farama-Foundation__Metaworld/get_action
api,https://github.com/Farama-Foundation/Metaworld/blob/cdafedfaaa896472fb7e76e2fe103e120b67a9b6/metaworld/policies/sawyer_button_press_topdown_v3_policy.py#L23,Farama-Foundation__Metaworld/get_action
api,https://github.com/Farama-Foundation/Metaworld/blob/cdafedfaaa896472fb7e76e2fe103e120b67a9b6/metaworld/policies/sawyer_button_press_v3_policy.py#L22,Farama-Foundation__Metaworld/get_action
api,https://github.com/Farama-Foundation/Metaworld/blob/cdafedfaaa896472fb7e76e2fe103e120b67a9b6/metaworld/policies/sawyer_coffee_button_v3_policy.py#L23,Farama-Foundation__Metaworld/get_action
api,https://github.com/Farama-Foundation/Metaworld/blob/cdafedfaaa896472fb7e76e2fe103e120b67a9b6/metaworld/policies/sawyer_coffee_pull_v3_policy.py#L24,Farama-Foundation__Metaworld/get_action
api,https://github.com/Farama-Foundation/Metaworld/blob/cdafedfaaa896472fb7e76e2fe103e120b67a9b6/metaworld/policies/sawyer_peg_unplug_side_v3_policy.py#L23,Farama-Foundation__Metaworld/get_action
api,https://github.com/Farama-Foundation/Metaworld/blob/cdafedfaaa896472fb7e76e2fe103e120b67a9b6/metaworld/policies/sawyer_pick_place_v3_policy.py#L26,Farama-Foundation__Metaworld/get_action
api,https://github.com/Farama-Foundation/Metaworld/blob/cdafedfaaa896472fb7e76e2fe103e120b67a9b6/metaworld/policies/sawyer_plate_slide_v3_policy.py#L25,Farama-Foundation__Metaworld/get_action
api,https://github.com/Farama-Foundation/Metaworld/blob/cdafedfaaa896472fb7e76e2fe103e120b67a9b6/metaworld/policies/sawyer_push_back_v3_policy.py#L24,Farama-Foundation__Metaworld/get_action
api,https://github.com/Farama-Foundation/Metaworld/blob/cdafedfaaa896472fb7e76e2fe103e120b67a9b6/metaworld/policies/sawyer_window_close_v3_policy.py#L23,Farama-Foundation__Metaworld/get_action
api,https://github.com/Farama-Foundation/Metaworld/blob/cdafedfaaa896472fb7e76e2fe103e120b67a9b6/metaworld/sawyer_xyz_env.py#L327,Farama-Foundation__Metaworld/discretize_goal_space
api,https://github.com/Farama-Foundation/Metaworld/blob/cdafedfaaa896472fb7e76e2fe103e120b67a9b6/metaworld/wrappers.py#L31,Farama-Foundation__Metaworld/observation
api,https://github.com/Giskard-AI/giskard/blob/6808a562cc1c565e6cf88aeb1fd1f77d28fe76ba/giskard/client/python_utils.py#L17,Giskard-AI__giskard/get_python_requirements
api,https://github.com/Giskard-AI/giskard/blob/6808a562cc1c565e6cf88aeb1fd1f77d28fe76ba/giskard/core/suite.py#L237,Giskard-AI__giskard/to_junit
api,https://github.com/Giskard-AI/giskard/blob/6808a562cc1c565e6cf88aeb1fd1f77d28fe76ba/giskard/functions/transformation.py#L46,Giskard-AI__giskard/keyboard_typo_transformation
api,https://github.com/Giskard-AI/giskard/blob/6808a562cc1c565e6cf88aeb1fd1f77d28fe76ba/giskard/registry/decorators_utils.py#L65,Giskard-AI__giskard/insert_arg
api,https://github.com/HumanCompatibleAI/overcooked_ai/blob/739950a079cdaed5a44fcc662efc40244c205d06/src/human_aware_rl/ppo/ppo_rllib.py#L81,HumanCompatibleAI__overcooked_ai/forward
api,https://github.com/HumanCompatibleAI/overcooked_ai/blob/739950a079cdaed5a44fcc662efc40244c205d06/src/human_aware_rl/utils.py#L15,HumanCompatibleAI__overcooked_ai/delete_dir_if_exists
api,https://github.com/HumanCompatibleAI/overcooked_ai/blob/739950a079cdaed5a44fcc662efc40244c205d06/src/overcooked_ai_py/planning/search.py#L36,HumanCompatibleAI__overcooked_ai/A_star_graph_search
api,https://github.com/Marker-Inc-Korea/AutoRAG/blob/8c72159df28006e0d6c548bbf0c133dde2650fd8/autorag/autorag/data/parse/clova.py#L15,Marker-Inc-Korea__AutoRAG/clova_ocr
api,https://github.com/Marker-Inc-Korea/AutoRAG/blob/8c72159df28006e0d6c548bbf0c133dde2650fd8/autorag/autorag/data/parse/llamaparse.py#L12,Marker-Inc-Korea__AutoRAG/llama_parse
api,https://github.com/Marker-Inc-Korea/AutoRAG/blob/8c72159df28006e0d6c548bbf0c133dde2650fd8/autorag/autorag/evaluation/retrieval_contents.py#L14,Marker-Inc-Korea__AutoRAG/evaluate_retrieval_contents
api,https://github.com/Marker-Inc-Korea/AutoRAG/blob/8c72159df28006e0d6c548bbf0c133dde2650fd8/autorag/autorag/nodes/passageaugmenter/run.py#L16,Marker-Inc-Korea__AutoRAG/run_passage_augmenter_node
api,https://github.com/Marker-Inc-Korea/AutoRAG/blob/8c72159df28006e0d6c548bbf0c133dde2650fd8/autorag/autorag/schema/metricinput.py#L39,Marker-Inc-Korea__AutoRAG/from_dataframe
api,https://github.com/OpenLMLab/GAOKAO-Bench/blob/6dbb24f8d8439041e5431c4c184a582182a6ce9c/Bench/SUB_score_evaluation.py#L210,OpenLMLab__GAOKAO-Bench/year_sub_score_eval
api,https://github.com/OpenLMLab/GAOKAO-Bench/blob/6dbb24f8d8439041e5431c4c184a582182a6ce9c/Bench/bench_function.py#L16,OpenLMLab__GAOKAO-Bench/get_api_key
cli,https://github.com/OpenLMLab/GAOKAO-Bench/blob/6dbb24f8d8439041e5431c4c184a582182a6ce9c/Models/openai_gpt4.py#L80,
api,https://github.com/UKGovernmentBEIS/inspect_ai/blob/70fb9f6885db89779cd637619bbba614e7b0271a/src/inspect_ai/_cli/trace.py#L73,UKGovernmentBEIS__inspect_ai/dump_command
api,https://github.com/UKGovernmentBEIS/inspect_ai/blob/70fb9f6885db89779cd637619bbba614e7b0271a/src/inspect_ai/_display/textual/app.py#L133,UKGovernmentBEIS__inspect_ai/on_load
api,https://github.com/UKGovernmentBEIS/inspect_ai/blob/70fb9f6885db89779cd637619bbba614e7b0271a/src/inspect_ai/_display/textual/widgets/footer.py#L32,UKGovernmentBEIS__inspect_ai/watch_left
api,https://github.com/UKGovernmentBEIS/inspect_ai/blob/70fb9f6885db89779cd637619bbba614e7b0271a/src/inspect_ai/_display/textual/widgets/titlebar.py#L80,UKGovernmentBEIS__inspect_ai/render
api,https://github.com/UKGovernmentBEIS/inspect_ai/blob/70fb9f6885db89779cd637619bbba614e7b0271a/src/inspect_ai/_display/textual/widgets/transcript.py#L235,UKGovernmentBEIS__inspect_ai/render_sub_events
api,https://github.com/UKGovernmentBEIS/inspect_ai/blob/70fb9f6885db89779cd637619bbba614e7b0271a/src/inspect_ai/agent/_human/panel.py#L113,UKGovernmentBEIS__inspect_ai/watch_connection
api,https://github.com/UKGovernmentBEIS/inspect_ai/blob/70fb9f6885db89779cd637619bbba614e7b0271a/src/inspect_ai/model/_providers/providers.py#L16,UKGovernmentBEIS__inspect_ai/groq
api,https://github.com/UKGovernmentBEIS/inspect_ai/blob/70fb9f6885db89779cd637619bbba614e7b0271a/src/inspect_tool_support/src/inspect_tool_support/_remote_tools/_bash_session/json_rpc_methods.py#L16,UKGovernmentBEIS__inspect_ai/bash_session_new_session
cli,https://github.com/Unbabel/COMET/blob/49c348dd0ff569c4d7c3f2b7c720fd5696f8de59/comet/cli/mbr.py#L301,
api,https://github.com/Unbabel/COMET/blob/49c348dd0ff569c4d7c3f2b7c720fd5696f8de59/comet/models/predict_pbar.py#L24,Unbabel__COMET/init_predict_tqdm
api,https://github.com/Unbabel/COMET/blob/49c348dd0ff569c4d7c3f2b7c720fd5696f8de59/comet/models/utils.py#L88,Unbabel__COMET/setdefault
api,https://github.com/Vchitect/VBench/blob/d2c30cab5497472af4798bc86f6eb47659381cb4/VBench-2.0/vbench2/dynamic_attribute.py#L83,Vchitect__VBench/compute_dynamic_attribute
api,https://github.com/Vchitect/VBench/blob/d2c30cab5497472af4798bc86f6eb47659381cb4/VBench-2.0/vbench2/human_anatomy.py#L18,Vchitect__VBench/compute_human_anatomy
api,https://github.com/Vchitect/VBench/blob/d2c30cab5497472af4798bc86f6eb47659381cb4/VBench-2.0/vbench2/third_party/LLaVA_NeXT/llava/model/multimodal_encoder/dev_eva_clip/eva_clip/factory.py#L62,Vchitect__VBench/add_model_config
cli,https://github.com/Vchitect/VBench/blob/d2c30cab5497472af4798bc86f6eb47659381cb4/VBench-2.0/vbench2/third_party/LLaVA_NeXT/llava/serve/gradio_web_server.py#L425,
api,https://github.com/Vchitect/VBench/blob/d2c30cab5497472af4798bc86f6eb47659381cb4/VBench-2.0/vbench2/third_party/LLaVA_NeXT/llava/utils.py#L48,Vchitect__VBench/process_video_with_pyav
cli,https://github.com/Vchitect/VBench/blob/d2c30cab5497472af4798bc86f6eb47659381cb4/VBench-2.0/vbench2/third_party/LLaVA_NeXT/scripts/archived/quick_check.py#L46,
api,https://github.com/Vchitect/VBench/blob/d2c30cab5497472af4798bc86f6eb47659381cb4/VBench-2.0/vbench2/third_party/ViTDetector/third_party/YOLO-World/deploy/easydeploy/nms/ort_nms.py#L171,Vchitect__VBench/symbolic
cli,https://github.com/Vchitect/VBench/blob/d2c30cab5497472af4798bc86f6eb47659381cb4/VBench-2.0/vbench2/third_party/ViTDetector/third_party/YOLO-World/deploy/easydeploy/tools/build_engine.py#L134,
cli,https://github.com/Vchitect/VBench/blob/d2c30cab5497472af4798bc86f6eb47659381cb4/VBench-2.0/vbench2/third_party/ViTDetector/third_party/YOLO-World/deploy/easydeploy/tools/export_onnx.py#L156,
api,https://github.com/Vchitect/VBench/blob/d2c30cab5497472af4798bc86f6eb47659381cb4/VBench-2.0/vbench2/third_party/ViTDetector/third_party/YOLO-World/mmyolo/mmyolo/engine/hooks/yolox_mode_switch_hook.py#L31,Vchitect__VBench/before_train_epoch
cli,https://github.com/Vchitect/VBench/blob/d2c30cab5497472af4798bc86f6eb47659381cb4/VBench-2.0/vbench2/third_party/ViTDetector/third_party/YOLO-World/mmyolo/tools/analysis_tools/benchmark.py#L187,
cli,https://github.com/Vchitect/VBench/blob/d2c30cab5497472af4798bc86f6eb47659381cb4/VBench-2.0/vbench2/third_party/ViTDetector/third_party/YOLO-World/mmyolo/tools/analysis_tools/browse_dataset_simple.py#L88,
cli,https://github.com/Vchitect/VBench/blob/d2c30cab5497472af4798bc86f6eb47659381cb4/VBench-2.0/vbench2/third_party/ViTDetector/third_party/YOLO-World/mmyolo/tools/misc/download_dataset.py#L111,
cli,https://github.com/Vchitect/VBench/blob/d2c30cab5497472af4798bc86f6eb47659381cb4/VBench-2.0/vbench2/third_party/ViTDetector/third_party/YOLO-World/mmyolo/tools/model_converters/convert_kd_ckpt_to_student.py#L53,
cli,https://github.com/Vchitect/VBench/blob/d2c30cab5497472af4798bc86f6eb47659381cb4/VBench-2.0/vbench2/third_party/ViTDetector/third_party/YOLO-World/mmyolo/tools/model_converters/yolov6_v3_to_mmyolo.py#L144,
api,https://github.com/Vchitect/VBench/blob/d2c30cab5497472af4798bc86f6eb47659381cb4/VBench-2.0/vbench2/third_party/YOLO-World/mmyolo/mmyolo/deploy/models/dense_heads/yolov5_head.py#L51,Vchitect__VBench/yolov5_head__predict_by_feat
api,https://github.com/Vchitect/VBench/blob/d2c30cab5497472af4798bc86f6eb47659381cb4/VBench-2.0/vbench2/third_party/YOLO-World/mmyolo/mmyolo/engine/hooks/yolox_mode_switch_hook.py#L31,Vchitect__VBench/before_train_epoch
cli,https://github.com/Vchitect/VBench/blob/d2c30cab5497472af4798bc86f6eb47659381cb4/VBench-2.0/vbench2/third_party/YOLO-World/mmyolo/tools/analysis_tools/optimize_anchors.py#L646,
api,https://github.com/Vchitect/VBench/blob/d2c30cab5497472af4798bc86f6eb47659381cb4/VBench-2.0/vbench2/third_party/YOLO-World/mmyolo/tools/analysis_tools/vis_scheduler.py#L106,Vchitect__VBench/train_step
cli,https://github.com/Vchitect/VBench/blob/d2c30cab5497472af4798bc86f6eb47659381cb4/VBench-2.0/vbench2/third_party/YOLO-World/mmyolo/tools/model_converters/rtmdet_to_mmyolo.py#L60,
cli,https://github.com/Vchitect/VBench/blob/d2c30cab5497472af4798bc86f6eb47659381cb4/VBench-2.0/vbench2/third_party/YOLO-World/mmyolo/tools/model_converters/yolov6_to_mmyolo.py#L114,
cli,https://github.com/Vchitect/VBench/blob/d2c30cab5497472af4798bc86f6eb47659381cb4/VBench-2.0/vbench2/third_party/YOLO-World/mmyolo/tools/model_converters/yolov8_to_mmyolo.py#L101,
cli,https://github.com/Vchitect/VBench/blob/d2c30cab5497472af4798bc86f6eb47659381cb4/VBench-2.0/vbench2/third_party/YOLO-World/mmyolo/tools/train.py#L122,
cli,https://github.com/Vchitect/VBench/blob/d2c30cab5497472af4798bc86f6eb47659381cb4/VBench-2.0/vbench2/third_party/YOLO-World/tools/train.py#L119,
cli,https://github.com/Vchitect/VBench/blob/d2c30cab5497472af4798bc86f6eb47659381cb4/VBench-2.0/vbench2/third_party/arcface/utils/view_model.py#L101,
api,https://github.com/Vchitect/VBench/blob/d2c30cab5497472af4798bc86f6eb47659381cb4/VBench-2.0/vbench2/third_party/cotracker/models/core/cotracker/losses.py#L14,Vchitect__VBench/sequence_loss
api,https://github.com/Vchitect/VBench/blob/d2c30cab5497472af4798bc86f6eb47659381cb4/VBench-2.0/vbench2/third_party/cotracker/utils/train_utils.py#L21,Vchitect__VBench/sig_handler
api,https://github.com/Vchitect/VBench/blob/d2c30cab5497472af4798bc86f6eb47659381cb4/VBench-2.0/vbench2/third_party/cotracker/utils/visualizer.py#L19,Vchitect__VBench/read_video_from_path
api,https://github.com/Vchitect/VBench/blob/d2c30cab5497472af4798bc86f6eb47659381cb4/VBench-2.0/vbench2/utils.py#L242,Vchitect__VBench/clone_model
api,https://github.com/Vchitect/VBench/blob/d2c30cab5497472af4798bc86f6eb47659381cb4/vbench/third_party/RAFT/core/utils_core/flow_viz.py#L109,Vchitect__VBench/flow_to_image
api,https://github.com/Vchitect/VBench/blob/d2c30cab5497472af4798bc86f6eb47659381cb4/vbench/third_party/ViCLIP/viclip_text.py#L243,Vchitect__VBench/clip_text_l14_336
api,https://github.com/Vchitect/VBench/blob/d2c30cab5497472af4798bc86f6eb47659381cb4/vbench/third_party/amt/metrics/psnr_ssim.py#L138,Vchitect__VBench/calculate_ie
api,https://github.com/Vchitect/VBench/blob/d2c30cab5497472af4798bc86f6eb47659381cb4/vbench/third_party/grit_src/centernet2/centernet/modeling/backbone/dla.py#L460,Vchitect__VBench/build_retinanet_dla_fpn_backbone
api,https://github.com/Vchitect/VBench/blob/d2c30cab5497472af4798bc86f6eb47659381cb4/vbench/third_party/grit_src/grit/modeling/backbone/vit.py#L442,Vchitect__VBench/build_vit_fpn_backbone
api,https://github.com/Vchitect/VBench/blob/d2c30cab5497472af4798bc86f6eb47659381cb4/vbench/third_party/umt/models/modeling_pretrain_umt.py#L97,Vchitect__VBench/get_classifier
cli,https://github.com/Vchitect/VBench/blob/d2c30cab5497472af4798bc86f6eb47659381cb4/vbench2_beta_long/eval_long.py#L282,
api,https://github.com/Vchitect/VBench/blob/d2c30cab5497472af4798bc86f6eb47659381cb4/vbench2_beta_long/overall_consistency.py#L4,Vchitect__VBench/compute_long_overall_consistency
api,https://github.com/Vchitect/VBench/blob/d2c30cab5497472af4798bc86f6eb47659381cb4/vbench2_beta_trustworthiness/culture_fairness.py#L80,Vchitect__VBench/compute_culture_fairness
api,https://github.com/allenai/reward-bench/blob/09eb3b5dd9d2157adc854c693a6a38105a8b3c87/rewardbench/models/beaver.py#L397,allenai__reward-bench/get_decoder
cli,https://github.com/amazon-science/RAGChecker/blob/6091f08c00e676e87a970f2aeb4a23a484746348/rag_baselines/chunking.py#L28,
api,https://github.com/beir-cellar/beir/blob/6ef8c9097ebfb203ad360bd64e0cfb93e64f4a44/beir/retrieval/evaluation.py#L26,beir-cellar__beir/retrieve
api,https://github.com/beir-cellar/beir/blob/6ef8c9097ebfb203ad360bd64e0cfb93e64f4a44/beir/retrieval/train.py#L30,beir-cellar__beir/load_train
cli,https://github.com/bigcode-project/bigcode-evaluation-harness/blob/6116c6a9a5672c69bd624373cfbc8938b7acc249/bigcode_eval/tasks/custom_metrics/multiple_metrics/eval_ruby.py#L44,
cli,https://github.com/bigcode-project/bigcode-evaluation-harness/blob/6116c6a9a5672c69bd624373cfbc8938b7acc249/finetuning/APPS/apps_train.py#L106,
api,https://github.com/comet-ml/opik/blob/72628f77bade9dfb508cc22ce71362bb0e6ed132/sdks/opik_optimizer/src/opik_optimizer/optimization_config/mappers.py#L39,comet-ml__opik/from_agent_output
api,https://github.com/comet-ml/opik/blob/72628f77bade9dfb508cc22ce71362bb0e6ed132/sdks/python/src/opik/decorator/inspect_helpers.py#L29,comet-ml__opik/is_generator
api,https://github.com/confident-ai/deepeval/blob/f296dc03b76b5fb5cc124d2dbb10367af0a5777d/deepeval/tracing/otel/exporter.py#L24,confident-ai__deepeval/export
api,https://github.com/confident-ai/deepeval/blob/f296dc03b76b5fb5cc124d2dbb10367af0a5777d/deepeval/utils.py#L24,confident-ai__deepeval/get_lcs
api,https://github.com/erikbern/ann-benchmarks/blob/36681911472059cd4cb9fcac1686709201a2cbc0/ann_benchmarks/algorithms/opensearchknn/module.py#L120,erikbern__ann-benchmarks/freeIndex
cli,https://github.com/erikbern/ann-benchmarks/blob/36681911472059cd4cb9fcac1686709201a2cbc0/plot.py#L95,
cli,https://github.com/erikbern/ann-benchmarks/blob/36681911472059cd4cb9fcac1686709201a2cbc0/run.py#L5,
cli,https://github.com/evalplus/evalplus/blob/d362e933265c3e7e3df8101c930a89c3c470cd9f/tools/evalperf/hf_upload.py#L62,
cli,https://github.com/evalplus/evalplus/blob/d362e933265c3e7e3df8101c930a89c3c470cd9f/tools/humaneval/fix_v019.py#L31,
cli,https://github.com/evalplus/evalplus/blob/d362e933265c3e7e3df8101c930a89c3c470cd9f/tools/humaneval/init_ground_truth.py#L6,
cli,https://github.com/evalplus/evalplus/blob/d362e933265c3e7e3df8101c930a89c3c470cd9f/tools/humaneval/to_original_fmt.py#L205,
cli,https://github.com/evalplus/evalplus/blob/d362e933265c3e7e3df8101c930a89c3c470cd9f/tools/mbpp/fix_v020.py#L41,
cli,https://github.com/evalplus/evalplus/blob/d362e933265c3e7e3df8101c930a89c3c470cd9f/tools/tsr/sample_init.py#L47,
api,https://github.com/evidentlyai/evidently/blob/609cc2afbfa28c6b37be725b9f1f61bd18136990/src/evidently/llm/models.py#L13,evidentlyai__evidently/system
api,https://github.com/evidentlyai/evidently/blob/609cc2afbfa28c6b37be725b9f1f61bd18136990/src/evidently/llm/prompts/content.py#L23,evidentlyai__evidently/as_text
api,https://github.com/evidentlyai/evidently/blob/609cc2afbfa28c6b37be725b9f1f61bd18136990/src/evidently/metrics/column_statistics.py#L411,evidentlyai__evidently/to_config
api,https://github.com/evidentlyai/evidently/blob/609cc2afbfa28c6b37be725b9f1f61bd18136990/src/evidently/metrics/group_by.py#L79,evidentlyai__evidently/label_metric
cli,https://github.com/evidentlyai/evidently/blob/609cc2afbfa28c6b37be725b9f1f61bd18136990/src/evidently/metrics/recsys.py#L226,
api,https://github.com/evidentlyai/evidently/blob/609cc2afbfa28c6b37be725b9f1f61bd18136990/src/evidently/pydantic_utils.py#L533,evidentlyai__evidently/list_nested_fields_with_tags
api,https://github.com/evidentlyai/evidently/blob/609cc2afbfa28c6b37be725b9f1f61bd18136990/src/evidently/ui/backport.py#L395,evidentlyai__evidently/get_tests
api,https://github.com/evidentlyai/evidently/blob/609cc2afbfa28c6b37be725b9f1f61bd18136990/src/evidently/ui/service/base.py#L249,evidentlyai__evidently/open_blob
api,https://github.com/evidentlyai/evidently/blob/609cc2afbfa28c6b37be725b9f1f61bd18136990/src/evidently/ui/service/storage/common.py#L54,evidentlyai__evidently/create_org
api,https://github.com/evidentlyai/evidently/blob/609cc2afbfa28c6b37be725b9f1f61bd18136990/src/evidently/ui/workspace.py#L64,evidentlyai__evidently/add_tab
api,https://github.com/explodinggradients/ragas/blob/5d59549ad5ef511f621502c563bc55ac5aeb9188/experimental/ragas_experimental/model/notion_typing.py#L313,explodinggradients__ragas/to_notion
api,https://github.com/explodinggradients/ragas/blob/5d59549ad5ef511f621502c563bc55ac5aeb9188/experimental/ragas_experimental/typing.py#L335,explodinggradients__ragas/model_to_columns
api,https://github.com/explodinggradients/ragas/blob/5d59549ad5ef511f621502c563bc55ac5aeb9188/ragas/src/ragas/integrations/langchain.py#L178,explodinggradients__ragas/evaluate_run
api,https://github.com/explodinggradients/ragas/blob/5d59549ad5ef511f621502c563bc55ac5aeb9188/ragas/src/ragas/metrics/base.py#L345,explodinggradients__ragas/train
api,https://github.com/explodinggradients/ragas/blob/5d59549ad5ef511f621502c563bc55ac5aeb9188/ragas/src/ragas/utils.py#L23,explodinggradients__ragas/get_cache_dir
api,https://github.com/facebookresearch/DomainBed/blob/b93c22a1cfc3b2428398272c1a116c8de1f4139e/domainbed/algorithms.py#L324,facebookresearch__DomainBed/get_accuracy
cli,https://github.com/google-deepmind/meltingpot/blob/f280a35a4ffe5a7613b5c4a062a66fd18c64876c/meltingpot/human_players/play_allelopathic_harvest.py#L77,
cli,https://github.com/google-deepmind/meltingpot/blob/f280a35a4ffe5a7613b5c4a062a66fd18c64876c/meltingpot/human_players/play_boat_race.py#L97,
api,https://github.com/google-deepmind/meltingpot/blob/f280a35a4ffe5a7613b5c4a062a66fd18c64876c/meltingpot/human_players/play_coins.py#L36,google-deepmind__meltingpot/no_op
cli,https://github.com/google-deepmind/meltingpot/blob/f280a35a4ffe5a7613b5c4a062a66fd18c64876c/meltingpot/human_players/play_factory_commons.py#L87,
cli,https://github.com/huggingface/evaluate/blob/5aa3982a9a8c86e506860e381d428a64b0cce73b/metrics/super_glue/record_evaluation.py#L86,
api,https://github.com/huggingface/evaluate/blob/5aa3982a9a8c86e506860e381d428a64b0cce73b/src/evaluate/hub.py#L14,huggingface__evaluate/push_to_hub
api,https://github.com/huggingface/lighteval/blob/9771f3a02ba28a57f8777902d0c36ea7dd445026/src/lighteval/logging/evaluation_tracker.py#L390,huggingface__lighteval/push_results_to_hub
api,https://github.com/huggingface/lighteval/blob/9771f3a02ba28a57f8777902d0c36ea7dd445026/src/lighteval/tasks/extended/ifeval/instructions_registry.py#L153,huggingface__lighteval/conflict_make
api,https://github.com/microsoft/promptbench/blob/fcda538bd779ad11612818e0645a387a462b5c3b/promptbench/dyval/dyval_utils.py#L23,microsoft__promptbench/dyval_evaluate
api,https://github.com/microsoft/promptbench/blob/fcda538bd779ad11612818e0645a387a462b5c3b/promptbench/prompteval/efficient_eval.py#L149,microsoft__promptbench/efficient_eval
api,https://github.com/mir-evaluation/mir_eval/blob/8db0b3812e2032544c1fc00d02d4256cab043f3d/mir_eval/io.py#L123,mir-evaluation__mir_eval/load_events
api,https://github.com/mir-evaluation/mir_eval/blob/8db0b3812e2032544c1fc00d02d4256cab043f3d/mir_eval/transcription.py#L785,mir-evaluation__mir_eval/evaluate
cli,https://github.com/mlcommons/inference/blob/cc7d6d8eabc5cc60f8b2e540f25f1edd2a9f6cd3/compliance/nvidia/TEST01/verify_accuracy.py#L245,
cli,https://github.com/mlcommons/inference/blob/cc7d6d8eabc5cc60f8b2e540f25f1edd2a9f6cd3/compliance/nvidia/TEST04/verify_performance.py#L157,
api,https://github.com/mlcommons/inference/blob/cc7d6d8eabc5cc60f8b2e540f25f1edd2a9f6cd3/graph/R-GAT/dataset.py#L24,mlcommons__inference/get_list
cli,https://github.com/mlcommons/inference/blob/cc7d6d8eabc5cc60f8b2e540f25f1edd2a9f6cd3/graph/R-GAT/main.py#L504,
cli,https://github.com/mlcommons/inference/blob/cc7d6d8eabc5cc60f8b2e540f25f1edd2a9f6cd3/language/gpt-j/prepare-calibration.py#L67,
api,https://github.com/mlcommons/inference/blob/cc7d6d8eabc5cc60f8b2e540f25f1edd2a9f6cd3/language/llama2-70b/SUT.py#L304,mlcommons__inference/get_qsl
api,https://github.com/mlcommons/inference/blob/cc7d6d8eabc5cc60f8b2e540f25f1edd2a9f6cd3/language/llama2-70b/SUT_API.py#L322,mlcommons__inference/get_qsl
cli,https://github.com/mlcommons/inference/blob/cc7d6d8eabc5cc60f8b2e540f25f1edd2a9f6cd3/language/mixtral-8x7b/main.py#L162,
api,https://github.com/mlcommons/inference/blob/cc7d6d8eabc5cc60f8b2e540f25f1edd2a9f6cd3/main.py#L1,mlcommons__inference/define_env
api,https://github.com/mlcommons/inference/blob/cc7d6d8eabc5cc60f8b2e540f25f1edd2a9f6cd3/recommendation/dlrm_v2/pytorch/setup.py#L36,mlcommons__inference/initialize_options
cli,https://github.com/mlcommons/inference/blob/cc7d6d8eabc5cc60f8b2e540f25f1edd2a9f6cd3/recommendation/dlrm_v2/pytorch/tools/quickgen.py#L33,
api,https://github.com/mlcommons/inference/blob/cc7d6d8eabc5cc60f8b2e540f25f1edd2a9f6cd3/tools/submission/truncate_accuracy_log.py#L87,mlcommons__inference/split_path
api,https://github.com/mlcommons/inference/blob/cc7d6d8eabc5cc60f8b2e540f25f1edd2a9f6cd3/vision/classification_and_detection/python/models/base_model_r34.py#L104,mlcommons__inference/tailor_module
cli,https://github.com/mlcommons/inference/blob/cc7d6d8eabc5cc60f8b2e540f25f1edd2a9f6cd3/vision/classification_and_detection/tools/retinanet_pytorch_to_onnx.py#L31,
cli,https://github.com/mlcommons/inference/blob/cc7d6d8eabc5cc60f8b2e540f25f1edd2a9f6cd3/vision/medical_imaging/3d-unet-kits19/unet_onnx_to_tensorflow.py#L98,
cli,https://github.com/mlcommons/inference/blob/cc7d6d8eabc5cc60f8b2e540f25f1edd2a9f6cd3/vision/medical_imaging/3d-unet-kits19/unet_pytorch_to_onnx.py#L150,
api,https://github.com/modelscope/evalscope/blob/2a49bccc14f69b9a3464f16d4672823a0a7bcb98/evalscope/metrics/t2v_metrics/models/itmscore_models/image_reward/ImageReward.py#L76,modelscope__evalscope/score_gard
api,https://github.com/modelscope/evalscope/blob/2a49bccc14f69b9a3464f16d4672823a0a7bcb98/evalscope/metrics/t2v_metrics/score.py#L52,modelscope__evalscope/batch_forward
cli,https://github.com/modelscope/evalscope/blob/2a49bccc14f69b9a3464f16d4672823a0a7bcb98/evalscope/third_party/longbench_write/tools/data_etl.py#L143,
cli,https://github.com/modelscope/evalscope/blob/2a49bccc14f69b9a3464f16d4672823a0a7bcb98/setup.py#L118,
api,https://github.com/open-compass/OpenCompass/blob/8379c4bca0e19aab4059a0eb7a739fa58f3b2759/.github/scripts/pr_oc_score_assert.py#L23,open-compass__OpenCompass/test_model_dataset_score
api,https://github.com/open-compass/OpenCompass/blob/8379c4bca0e19aab4059a0eb7a739fa58f3b2759/opencompass/datasets/agieval/constructions.py#L101,open-compass__OpenCompass/to_tsv
api,https://github.com/open-compass/OpenCompass/blob/8379c4bca0e19aab4059a0eb7a739fa58f3b2759/opencompass/datasets/agieval/dataset_loader.py#L330,open-compass__OpenCompass/generate_second_stage_input
api,https://github.com/open-compass/OpenCompass/blob/8379c4bca0e19aab4059a0eb7a739fa58f3b2759/opencompass/datasets/chinese_simpleqa.py#L88,open-compass__OpenCompass/chinese_simpleqa_preprocess
api,https://github.com/open-compass/OpenCompass/blob/8379c4bca0e19aab4059a0eb7a739fa58f3b2759/opencompass/datasets/korbench/korbench_dataset_config/config_wrapper.py#L35,open-compass__OpenCompass/print_all_keys
api,https://github.com/open-compass/OpenCompass/blob/8379c4bca0e19aab4059a0eb7a739fa58f3b2759/opencompass/datasets/korbench/korbench_utils.py#L65,open-compass__OpenCompass/load_split_data
api,https://github.com/open-compass/OpenCompass/blob/8379c4bca0e19aab4059a0eb7a739fa58f3b2759/opencompass/datasets/lawbench/utils/char_smi.py#L131,open-compass__OpenCompass/shape_distance
api,https://github.com/open-compass/OpenCompass/blob/8379c4bca0e19aab4059a0eb7a739fa58f3b2759/opencompass/datasets/livecodebench/pass_k_utils.py#L60,open-compass__OpenCompass/extract_instance_results
api,https://github.com/open-compass/OpenCompass/blob/8379c4bca0e19aab4059a0eb7a739fa58f3b2759/opencompass/datasets/medbench/constructions.py#L101,open-compass__OpenCompass/to_tsv
api,https://github.com/open-compass/OpenCompass/blob/8379c4bca0e19aab4059a0eb7a739fa58f3b2759/opencompass/datasets/phybench/latex_pre_process.py#L28,open-compass__OpenCompass/remove_non_ascii
api,https://github.com/open-compass/OpenCompass/blob/8379c4bca0e19aab4059a0eb7a739fa58f3b2759/opencompass/datasets/teval/utils/template.py#L5,open-compass__OpenCompass/format_string
api,https://github.com/open-compass/OpenCompass/blob/8379c4bca0e19aab4059a0eb7a739fa58f3b2759/opencompass/utils/dict_postprocessors.py#L5,open-compass__OpenCompass/base_postprocess
cli,https://github.com/open-compass/VLMEvalKit/blob/50c954aad1d92dab9bf5d23f62576c994b4a675f/.github/scripts/assert_score.py#L60,
api,https://github.com/open-compass/VLMEvalKit/blob/50c954aad1d92dab9bf5d23f62576c994b4a675f/vlmeval/api/gpt.py#L11,open-compass__VLMEvalKit/GPT_context_window
api,https://github.com/open-compass/VLMEvalKit/blob/50c954aad1d92dab9bf5d23f62576c994b4a675f/vlmeval/dataset/creation.py#L301,open-compass__VLMEvalKit/is_criteria_valid
cli,https://github.com/open-compass/VLMEvalKit/blob/50c954aad1d92dab9bf5d23f62576c994b4a675f/vlmeval/dataset/utils/ccocr_evaluator/ocr_evaluator.py#L105,
api,https://github.com/open-compass/VLMEvalKit/blob/50c954aad1d92dab9bf5d23f62576c994b4a675f/vlmeval/dataset/utils/tamperbench.py#L218,open-compass__VLMEvalKit/check_ans
api,https://github.com/open-compass/VLMEvalKit/blob/50c954aad1d92dab9bf5d23f62576c994b4a675f/vlmeval/dataset/utils/vgrpbench/puzzles/aquarium.py#L103,open-compass__VLMEvalKit/get_possible_values
api,https://github.com/open-compass/VLMEvalKit/blob/50c954aad1d92dab9bf5d23f62576c994b4a675f/vlmeval/dataset/utils/vgrpbench/puzzles/fieldexplore.py#L54,open-compass__VLMEvalKit/get_possible_values
api,https://github.com/open-compass/VLMEvalKit/blob/50c954aad1d92dab9bf5d23f62576c994b4a675f/vlmeval/dataset/utils/vgrpbench/puzzles/treesandtents.py#L167,open-compass__VLMEvalKit/get_possible_values
api,https://github.com/open-compass/VLMEvalKit/blob/50c954aad1d92dab9bf5d23f62576c994b4a675f/vlmeval/vlm/ovis/utils/mdp3.py#L262,open-compass__VLMEvalKit/seqdpp_select_fast
cli,https://github.com/openai/evals/blob/cdb8ce9547e68b8e5e4520b6a162294c06865c0f/.github/workflows/parse_yaml.py#L13,
cli,https://github.com/openai/evals/blob/cdb8ce9547e68b8e5e4520b6a162294c06865c0f/evals/elsuite/already_said_that/distractors.py#L130,
cli,https://github.com/openai/evals/blob/cdb8ce9547e68b8e5e4520b6a162294c06865c0f/evals/elsuite/cant_do_that_anymore/scripts/make_plots.py#L127,
cli,https://github.com/openai/evals/blob/cdb8ce9547e68b8e5e4520b6a162294c06865c0f/evals/elsuite/hr_ml_agent_bench/benchmarks/parkinsons_disease/env/train.py#L91,
api,https://github.com/openai/evals/blob/cdb8ce9547e68b8e5e4520b6a162294c06865c0f/evals/elsuite/hr_ml_agent_bench/environment.py#L378,openai__evals/print_action
cli,https://github.com/openai/evals/blob/cdb8ce9547e68b8e5e4520b6a162294c06865c0f/evals/elsuite/identifying_variables/renderers/corrset.py#L320,
api,https://github.com/openai/evals/blob/cdb8ce9547e68b8e5e4520b6a162294c06865c0f/evals/elsuite/multistep_web_tasks/webarena/browser_env/actions.py#L63,openai__evals/is_in_viewport
cli,https://github.com/openai/evals/blob/cdb8ce9547e68b8e5e4520b6a162294c06865c0f/evals/elsuite/multistep_web_tasks/webarena/browser_env/auto_login.py#L124,
cli,https://github.com/openai/evals/blob/cdb8ce9547e68b8e5e4520b6a162294c06865c0f/evals/elsuite/theory_of_mind/scripts/make_plots.py#L132,
cli,https://github.com/openai/evals/blob/cdb8ce9547e68b8e5e4520b6a162294c06865c0f/evals/registry/data/mazes/nxn_maze_eval_generator.py#L375,
cli,https://github.com/openai/evals/blob/cdb8ce9547e68b8e5e4520b6a162294c06865c0f/evals/registry/data/points_on_line/eval_generator.py#L124,
cli,https://github.com/openai/evals/blob/cdb8ce9547e68b8e5e4520b6a162294c06865c0f/evals/registry/data/poker_analysis/poker_analysis_sample_generator.py#L169,
cli,https://github.com/openai/evals/blob/cdb8ce9547e68b8e5e4520b6a162294c06865c0f/evals/registry/data/word_association/corpus_tools/related_words.py#L189,
api,https://github.com/openai/evals/blob/cdb8ce9547e68b8e5e4520b6a162294c06865c0f/evals/registry/data/word_association/corpus_tools/validators.py#L143,openai__evals/calculate_euclidean_distance
api,https://github.com/openai/human-eval/blob/6d43fb980f9fee3c892a914eda09951f772ad10d/human_eval/execution.py#L130,openai__human-eval/read
cli,https://github.com/openai/simple-evals/blob/3ec4e9b5ae3931a1858580e2fd3ce80c7fcbe1d9/healthbench_eval.py#L631,
cli,https://github.com/openai/simple-evals/blob/3ec4e9b5ae3931a1858580e2fd3ce80c7fcbe1d9/simple_evals.py#L428,
api,https://github.com/plurai-ai/intellagent/blob/2680da4545b87717a8dbc869738238022ca84ee4/simulator/utils/logger_config.py#L18,plurai-ai__intellagent/filter
api,https://github.com/prometheus-eval/prometheus-eval/blob/dcfb44272d5d0414832f5dbb8c2a05ebc2614234/BiGGen-Bench/run_base_inference.py#L64,prometheus-eval__prometheus-eval/dummy_completions
cli,https://github.com/prometheus-eval/prometheus-eval/blob/dcfb44272d5d0414832f5dbb8c2a05ebc2614234/BiGGen-Bench/run_chat_inference.py#L99,
cli,https://github.com/prometheus-eval/prometheus-eval/blob/dcfb44272d5d0414832f5dbb8c2a05ebc2614234/eval/llms/vllm_utils.py#L130,
cli,https://github.com/pykeen/pykeen/blob/42bfa99a17ee489d0d54dc6332d5cc71fc0ded08/benchmarking/benchmark_splitting.py#L185,
cli,https://github.com/pykeen/pykeen/blob/42bfa99a17ee489d0d54dc6332d5cc71fc0ded08/src/pykeen/datasets/conceptnet.py#L70,
cli,https://github.com/pykeen/pykeen/blob/42bfa99a17ee489d0d54dc6332d5cc71fc0ded08/src/pykeen/datasets/hetionet.py#L71,
cli,https://github.com/pykeen/pykeen/blob/42bfa99a17ee489d0d54dc6332d5cc71fc0ded08/src/pykeen/datasets/inductive/ilp_teru.py#L248,
cli,https://github.com/pykeen/pykeen/blob/42bfa99a17ee489d0d54dc6332d5cc71fc0ded08/src/pykeen/datasets/inductive/ilpc2022.py#L92,
api,https://github.com/pykeen/pykeen/blob/42bfa99a17ee489d0d54dc6332d5cc71fc0ded08/src/pykeen/evaluation/rank_based_evaluator.py#L255,pykeen__pykeen/create_random
cli,https://github.com/pykeen/pykeen/blob/42bfa99a17ee489d0d54dc6332d5cc71fc0ded08/src/pykeen/experiments/inverse_stability.py#L130,
api,https://github.com/pykeen/pykeen/blob/42bfa99a17ee489d0d54dc6332d5cc71fc0ded08/src/pykeen/nn/node_piece/anchor_search.py#L57,pykeen__pykeen/topk_argsort
cli,https://github.com/pykeen/pykeen/blob/42bfa99a17ee489d0d54dc6332d5cc71fc0ded08/src/pykeen/triples/deteriorate.py#L123,
cli,https://github.com/pykeen/pykeen/blob/42bfa99a17ee489d0d54dc6332d5cc71fc0ded08/src/pykeen/triples/leakage.py#L380,
cli,https://github.com/pytorch/benchmark/blob/68cf9dffe5df4eedac42512dc92598fffff335ae/.github/scripts/bmutils/summarize.py#L135,
cli,https://github.com/pytorch/benchmark/blob/68cf9dffe5df4eedac42512dc92598fffff335ae/scripts/update_device_batch_size.py#L47,
cli,https://github.com/pytorch/benchmark/blob/68cf9dffe5df4eedac42512dc92598fffff335ae/scripts/upload_scribe_v2.py#L227,
cli,https://github.com/pytorch/benchmark/blob/68cf9dffe5df4eedac42512dc92598fffff335ae/scripts/userbenchmark/upload_s3.py#L41,
cli,https://github.com/pytorch/benchmark/blob/68cf9dffe5df4eedac42512dc92598fffff335ae/scripts/userbenchmark/upload_s3_csv.py#L56,
cli,https://github.com/pytorch/benchmark/blob/68cf9dffe5df4eedac42512dc92598fffff335ae/scripts/userbenchmark/upload_scribe.py#L134,
cli,https://github.com/pytorch/benchmark/blob/68cf9dffe5df4eedac42512dc92598fffff335ae/torchbenchmark/canary_models/diffuser_instruct_pix2pix/install.py#L18,
cli,https://github.com/pytorch/benchmark/blob/68cf9dffe5df4eedac42512dc92598fffff335ae/torchbenchmark/canary_models/hf_mixtral/install.py#L10,
cli,https://github.com/pytorch/benchmark/blob/68cf9dffe5df4eedac42512dc92598fffff335ae/torchbenchmark/canary_models/orca_2/install.py#L8,
cli,https://github.com/pytorch/benchmark/blob/68cf9dffe5df4eedac42512dc92598fffff335ae/torchbenchmark/canary_models/phi_1_5/install.py#L11,
cli,https://github.com/pytorch/benchmark/blob/68cf9dffe5df4eedac42512dc92598fffff335ae/torchbenchmark/canary_models/stable_diffusion_xl/install.py#L18,
cli,https://github.com/pytorch/benchmark/blob/68cf9dffe5df4eedac42512dc92598fffff335ae/torchbenchmark/models/BERT_pytorch/install.py#L9,
api,https://github.com/pytorch/benchmark/blob/68cf9dffe5df4eedac42512dc92598fffff335ae/torchbenchmark/models/Background_Matting/functions.py#L43,pytorch__benchmark/get_bbox
api,https://github.com/pytorch/benchmark/blob/68cf9dffe5df4eedac42512dc92598fffff335ae/torchbenchmark/models/LearningToPaint/baseline/DRL/ddpg.py#L35,pytorch__benchmark/cal_trans
api,https://github.com/pytorch/benchmark/blob/68cf9dffe5df4eedac42512dc92598fffff335ae/torchbenchmark/models/LearningToPaint/baseline_modelfree/env.py#L93,pytorch__benchmark/cal_trans
cli,https://github.com/pytorch/benchmark/blob/68cf9dffe5df4eedac42512dc92598fffff335ae/torchbenchmark/models/basic_gnn_sage/install.py#L3,
api,https://github.com/pytorch/benchmark/blob/68cf9dffe5df4eedac42512dc92598fffff335ae/torchbenchmark/models/demucs/demucs/compressed.py#L48,pytorch__benchmark/track_metadata
cli,https://github.com/pytorch/benchmark/blob/68cf9dffe5df4eedac42512dc92598fffff335ae/torchbenchmark/models/demucs/demucs/tasnet.py#L457,
cli,https://github.com/pytorch/benchmark/blob/68cf9dffe5df4eedac42512dc92598fffff335ae/torchbenchmark/models/detectron2_fcos_r_50_fpn/install.py#L8,
api,https://github.com/pytorch/benchmark/blob/68cf9dffe5df4eedac42512dc92598fffff335ae/torchbenchmark/models/drq/drqutils.py#L44,pytorch__benchmark/make_dir
cli,https://github.com/pytorch/benchmark/blob/68cf9dffe5df4eedac42512dc92598fffff335ae/torchbenchmark/models/fastNLP_Bert/install.py#L20,
cli,https://github.com/pytorch/benchmark/blob/68cf9dffe5df4eedac42512dc92598fffff335ae/torchbenchmark/models/hf_Bert/install.py#L9,
cli,https://github.com/pytorch/benchmark/blob/68cf9dffe5df4eedac42512dc92598fffff335ae/torchbenchmark/models/hf_BigBird/install.py#L9,
cli,https://github.com/pytorch/benchmark/blob/68cf9dffe5df4eedac42512dc92598fffff335ae/torchbenchmark/models/hf_T5_large/install.py#L9,
cli,https://github.com/pytorch/benchmark/blob/68cf9dffe5df4eedac42512dc92598fffff335ae/torchbenchmark/models/hf_Whisper/install.py#L8,
cli,https://github.com/pytorch/benchmark/blob/68cf9dffe5df4eedac42512dc92598fffff335ae/torchbenchmark/models/hf_distil_whisper/install.py#L9,
cli,https://github.com/pytorch/benchmark/blob/68cf9dffe5df4eedac42512dc92598fffff335ae/torchbenchmark/models/llama_v2_7b_16h/install.py#L5,
cli,https://github.com/pytorch/benchmark/blob/68cf9dffe5df4eedac42512dc92598fffff335ae/torchbenchmark/models/llava/install.py#L9,
api,https://github.com/pytorch/benchmark/blob/68cf9dffe5df4eedac42512dc92598fffff335ae/torchbenchmark/models/maml/meta.py#L34,pytorch__benchmark/clip_grad_by_norm_
cli,https://github.com/pytorch/benchmark/blob/68cf9dffe5df4eedac42512dc92598fffff335ae/torchbenchmark/models/pyhpc_equation_of_state/install.py#L1,
api,https://github.com/pytorch/benchmark/blob/68cf9dffe5df4eedac42512dc92598fffff335ae/torchbenchmark/models/pytorch_CycleGAN_and_pix2pix/util/visualizer.py#L18,pytorch__benchmark/save_images
api,https://github.com/pytorch/benchmark/blob/68cf9dffe5df4eedac42512dc92598fffff335ae/torchbenchmark/models/sam/transforms.py#L62,pytorch__benchmark/apply_image_torch
cli,https://github.com/pytorch/benchmark/blob/68cf9dffe5df4eedac42512dc92598fffff335ae/torchbenchmark/models/stable_diffusion_unet/install.py#L18,
api,https://github.com/pytorch/benchmark/blob/68cf9dffe5df4eedac42512dc92598fffff335ae/torchbenchmark/models/tacotron2/audio_processing.py#L66,pytorch__benchmark/griffin_lim
cli,https://github.com/pytorch/benchmark/blob/68cf9dffe5df4eedac42512dc92598fffff335ae/torchbenchmark/models/timm_efficientdet/install.py#L32,
api,https://github.com/pytorch/benchmark/blob/68cf9dffe5df4eedac42512dc92598fffff335ae/torchbenchmark/util/env_check.py#L136,pytorch__benchmark/fresh_triton_cache
api,https://github.com/pytorch/benchmark/blob/68cf9dffe5df4eedac42512dc92598fffff335ae/torchbenchmark/util/framework/huggingface/args.py#L29,pytorch__benchmark/apply_args
api,https://github.com/pytorch/benchmark/blob/68cf9dffe5df4eedac42512dc92598fffff335ae/torchbenchmark/util/framework/timm/args.py#L26,pytorch__benchmark/setup_args_distributed
api,https://github.com/pytorch/benchmark/blob/68cf9dffe5df4eedac42512dc92598fffff335ae/torchbenchmark/util/framework/timm/instantiate.py#L46,pytorch__benchmark/timm_instantiate_eval
cli,https://github.com/pytorch/benchmark/blob/68cf9dffe5df4eedac42512dc92598fffff335ae/userbenchmark/torchao/install.py#L22,
api,https://github.com/pytorch/benchmark/blob/68cf9dffe5df4eedac42512dc92598fffff335ae/utils/gitutils.py#L101,pytorch__benchmark/get_current_branch
cli,https://github.com/pytorch/benchmark/blob/68cf9dffe5df4eedac42512dc92598fffff335ae/utils/python_utils.py#L72,
cli,https://github.com/ray-project/llmperf/blob/f1d6bed47e4501b0e371082b41601b59ab55269f/llm_correctness.py#L288,
cli,https://github.com/simpler-env/SimplerEnv/blob/4ab7178e83e84ee06894034ec6dbf9e7aad1e882/simpler_env/utils/debug/rt1_inference_real_video.py#L126,
api,https://github.com/simpler-env/SimplerEnv/blob/4ab7178e83e84ee06894034ec6dbf9e7aad1e882/simpler_env/utils/io.py#L40,simpler-env__SimplerEnv/load_image_arrays
cli,https://github.com/simpler-env/SimplerEnv/blob/4ab7178e83e84ee06894034ec6dbf9e7aad1e882/tools/merge_videos.py#L189,
cli,https://github.com/snap-stanford/ogb/blob/61e9784ca76edeaa6e259ba0f836099608ff0586/ogb/io/save_dataset.py#L661,
cli,https://github.com/snap-stanford/ogb/blob/61e9784ca76edeaa6e259ba0f836099608ff0586/ogb/linkproppred/dataset.py#L154,
cli,https://github.com/snap-stanford/ogb/blob/61e9784ca76edeaa6e259ba0f836099608ff0586/ogb/lsc/wikikg90m.py#L254,
cli,https://github.com/stanford-crfm/helm/blob/68b6aa9a01598aa0d371507c4c7299260eb9c4e6/scripts/cache/copy_cache.py#L140,
cli,https://github.com/stanford-crfm/helm/blob/68b6aa9a01598aa0d371507c4c7299260eb9c4e6/scripts/cache/fix_together_cache.py#L57,
cli,https://github.com/stanford-crfm/helm/blob/68b6aa9a01598aa0d371507c4c7299260eb9c4e6/scripts/fact_completion/filter_triples.py#L107,
cli,https://github.com/stanford-crfm/helm/blob/68b6aa9a01598aa0d371507c4c7299260eb9c4e6/scripts/offline_eval/export_requests.py#L138,
api,https://github.com/stanford-crfm/helm/blob/68b6aa9a01598aa0d371507c4c7299260eb9c4e6/src/helm/benchmark/metrics/summac/utils_misc.py#L27,stanford-crfm__helm/wait_free_gpu
api,https://github.com/stanford-crfm/helm/blob/68b6aa9a01598aa0d371507c4c7299260eb9c4e6/src/helm/benchmark/run_specs/decodingtrust_run_specs.py#L145,stanford-crfm__helm/get_decodingtrust_fairness_spec
api,https://github.com/stanford-crfm/helm/blob/68b6aa9a01598aa0d371507c4c7299260eb9c4e6/src/helm/benchmark/run_specs/medhelm_run_specs.py#L687,stanford-crfm__helm/get_medication_qa_spec
api,https://github.com/stanford-crfm/helm/blob/68b6aa9a01598aa0d371507c4c7299260eb9c4e6/src/helm/clients/image_generation/dalle_mini/model/text.py#L140,stanford-crfm__helm/add_space_after_commas
api,https://github.com/stanford-crfm/helm/blob/68b6aa9a01598aa0d371507c4c7299260eb9c4e6/src/helm/clients/image_generation/dalle_mini/vqgan_jax/convert_pt_model_to_jax.py#L91,stanford-crfm__helm/convert_model
api,https://github.com/stanford-crfm/helm/blob/68b6aa9a01598aa0d371507c4c7299260eb9c4e6/src/helm/common/cache.py#L87,stanford-crfm__helm/get_all_from_sqlite
api,https://github.com/stanford-crfm/helm/blob/68b6aa9a01598aa0d371507c4c7299260eb9c4e6/src/helm/common/mongo_key_value_store.py#L78,stanford-crfm__helm/multi_put
api,https://github.com/stanford-crfm/helm/blob/68b6aa9a01598aa0d371507c4c7299260eb9c4e6/src/helm/tokenizers/yalm_tokenizer_data/yalm_tokenizer.py#L111,stanford-crfm__helm/get_tokens
api,https://github.com/stanford-futuredata/ARES/blob/c7c9018a755faf8347c4da415632bae1593ef104/ares/superglue_filter.py#L4,stanford-futuredata__ARES/superGlueProcess
api,https://github.com/stepjam/RLBench/blob/02720bba4c73fe02eb75df946b8791b806028a9d/rlbench/backend/scene.py#L455,stepjam__RLBench/get_observation_config
api,https://github.com/tatsu-lab/alpaca_eval/blob/f19c323d8309d0d6f306bd26597db44fc6c62d57/src/alpaca_eval/annotators/pairwise_evaluator.py#L66,tatsu-lab__alpaca_eval/annotate_samples
api,https://github.com/truera/trulens/blob/57df4120d19dd1a0b59efc6cccb0de205ac403e0/src/benchmark/trulens/benchmark/benchmark_frameworks/tru_benchmark_experiment.py#L215,truera__trulens/create_benchmark_experiment_app
api,https://github.com/truera/trulens/blob/57df4120d19dd1a0b59efc6cccb0de205ac403e0/src/core/trulens/core/database/sqlalchemy.py#L1389,truera__trulens/insert_ground_truth
api,https://github.com/truera/trulens/blob/57df4120d19dd1a0b59efc6cccb0de205ac403e0/src/core/trulens/core/schema/app.py#L211,truera__trulens/continue_session
cli,https://github.com/truera/trulens/blob/57df4120d19dd1a0b59efc6cccb0de205ac403e0/src/dashboard/trulens/dashboard/pages/Compare.py#L827,
cli,https://github.com/truera/trulens/blob/57df4120d19dd1a0b59efc6cccb0de205ac403e0/src/hotspots/trulens/hotspots/hotspots_streamlit.py#L194,
api,https://github.com/truera/trulens/blob/57df4120d19dd1a0b59efc6cccb0de205ac403e0/src/providers/huggingface/trulens/providers/huggingface/provider.py#L143,truera__trulens/language_match
api,https://github.com/understandable-machine-intelligence-lab/Quantus/blob/68a19a1125f98f0f596c12d102fbc15d31515c80/quantus/helpers/model/models.py#L156,understandable-machine-intelligence-lab__Quantus/TitanicSimpleTorchModel
